<api>
<package name="com.caverock.androidsvg"
>
<class name="PreserveAspectRatio"
 extends="java.lang.Object"
 abstract="false"
 static="false"
 final="false"
 deprecated="not deprecated"
 visibility="public"
>
<constructor name="PreserveAspectRatio"
 type="com.caverock.androidsvg.PreserveAspectRatio"
 static="false"
 final="false"
 deprecated="not deprecated"
 visibility="public"
>
<parameter name="alignment" type="com.caverock.androidsvg.PreserveAspectRatio.Alignment">
</parameter>
<parameter name="scale" type="com.caverock.androidsvg.PreserveAspectRatio.Scale">
</parameter>
</constructor>
<method name="getAlignment"
 return="com.caverock.androidsvg.PreserveAspectRatio.Alignment"
 abstract="false"
 native="false"
 synchronized="false"
 static="false"
 final="false"
 deprecated="not deprecated"
 visibility="public"
>
</method>
<method name="getScale"
 return="com.caverock.androidsvg.PreserveAspectRatio.Scale"
 abstract="false"
 native="false"
 synchronized="false"
 static="false"
 final="false"
 deprecated="not deprecated"
 visibility="public"
>
</method>
<field name="BOTTOM"
 type="com.caverock.androidsvg.PreserveAspectRatio"
 transient="false"
 volatile="false"
 static="true"
 final="true"
 deprecated="not deprecated"
 visibility="public"
>
</field>
<field name="END"
 type="com.caverock.androidsvg.PreserveAspectRatio"
 transient="false"
 volatile="false"
 static="true"
 final="true"
 deprecated="not deprecated"
 visibility="public"
>
</field>
<field name="FULLSCREEN"
 type="com.caverock.androidsvg.PreserveAspectRatio"
 transient="false"
 volatile="false"
 static="true"
 final="true"
 deprecated="not deprecated"
 visibility="public"
>
</field>
<field name="FULLSCREEN_START"
 type="com.caverock.androidsvg.PreserveAspectRatio"
 transient="false"
 volatile="false"
 static="true"
 final="true"
 deprecated="not deprecated"
 visibility="public"
>
</field>
<field name="LETTERBOX"
 type="com.caverock.androidsvg.PreserveAspectRatio"
 transient="false"
 volatile="false"
 static="true"
 final="true"
 deprecated="not deprecated"
 visibility="public"
>
</field>
<field name="START"
 type="com.caverock.androidsvg.PreserveAspectRatio"
 transient="false"
 volatile="false"
 static="true"
 final="true"
 deprecated="not deprecated"
 visibility="public"
>
</field>
<field name="STRETCH"
 type="com.caverock.androidsvg.PreserveAspectRatio"
 transient="false"
 volatile="false"
 static="true"
 final="true"
 deprecated="not deprecated"
 visibility="public"
>
</field>
<field name="TOP"
 type="com.caverock.androidsvg.PreserveAspectRatio"
 transient="false"
 volatile="false"
 static="true"
 final="true"
 deprecated="not deprecated"
 visibility="public"
>
</field>
<field name="UNSCALED"
 type="com.caverock.androidsvg.PreserveAspectRatio"
 transient="false"
 volatile="false"
 static="true"
 final="true"
 deprecated="not deprecated"
 visibility="public"
>
</field>
</class>
<class name="PreserveAspectRatio.Alignment"
 extends="java.lang.Enum"
 abstract="false"
 static="true"
 final="true"
 deprecated="not deprecated"
 visibility="public"
>
<method name="valueOf"
 return="com.caverock.androidsvg.PreserveAspectRatio.Alignment"
 abstract="false"
 native="false"
 synchronized="false"
 static="true"
 final="false"
 deprecated="not deprecated"
 visibility="public"
>
<parameter name="name" type="java.lang.String">
</parameter>
</method>
<method name="values"
 return="com.caverock.androidsvg.PreserveAspectRatio.Alignment[]"
 abstract="false"
 native="false"
 synchronized="false"
 static="true"
 final="true"
 deprecated="not deprecated"
 visibility="public"
>
</method>
</class>
<class name="PreserveAspectRatio.Scale"
 extends="java.lang.Enum"
 abstract="false"
 static="true"
 final="true"
 deprecated="not deprecated"
 visibility="public"
>
<method name="valueOf"
 return="com.caverock.androidsvg.PreserveAspectRatio.Scale"
 abstract="false"
 native="false"
 synchronized="false"
 static="true"
 final="false"
 deprecated="not deprecated"
 visibility="public"
>
<parameter name="name" type="java.lang.String">
</parameter>
</method>
<method name="values"
 return="com.caverock.androidsvg.PreserveAspectRatio.Scale[]"
 abstract="false"
 native="false"
 synchronized="false"
 static="true"
 final="true"
 deprecated="not deprecated"
 visibility="public"
>
</method>
</class>
<class name="SVG"
 extends="java.lang.Object"
 abstract="false"
 static="false"
 final="false"
 deprecated="not deprecated"
 visibility="public"
>
<method name="getDocumentAspectRatio"
 return="float"
 abstract="false"
 native="false"
 synchronized="false"
 static="false"
 final="false"
 deprecated="not deprecated"
 visibility="public"
>
</method>
<method name="getDocumentDescription"
 return="java.lang.String"
 abstract="false"
 native="false"
 synchronized="false"
 static="false"
 final="false"
 deprecated="not deprecated"
 visibility="public"
>
</method>
<method name="getDocumentHeight"
 return="float"
 abstract="false"
 native="false"
 synchronized="false"
 static="false"
 final="false"
 deprecated="not deprecated"
 visibility="public"
>
</method>
<method name="getDocumentPreserveAspectRatio"
 return="com.caverock.androidsvg.PreserveAspectRatio"
 abstract="false"
 native="false"
 synchronized="false"
 static="false"
 final="false"
 deprecated="not deprecated"
 visibility="public"
>
</method>
<method name="getDocumentSVGVersion"
 return="java.lang.String"
 abstract="false"
 native="false"
 synchronized="false"
 static="false"
 final="false"
 deprecated="not deprecated"
 visibility="public"
>
</method>
<method name="getDocumentTitle"
 return="java.lang.String"
 abstract="false"
 native="false"
 synchronized="false"
 static="false"
 final="false"
 deprecated="not deprecated"
 visibility="public"
>
</method>
<method name="getDocumentViewBox"
 return="android.graphics.RectF"
 abstract="false"
 native="false"
 synchronized="false"
 static="false"
 final="false"
 deprecated="not deprecated"
 visibility="public"
>
</method>
<method name="getDocumentWidth"
 return="float"
 abstract="false"
 native="false"
 synchronized="false"
 static="false"
 final="false"
 deprecated="not deprecated"
 visibility="public"
>
</method>
<method name="getFromAsset"
 return="com.caverock.androidsvg.SVG"
 abstract="false"
 native="false"
 synchronized="false"
 static="true"
 final="false"
 deprecated="not deprecated"
 visibility="public"
>
<parameter name="assetManager" type="android.content.res.AssetManager">
</parameter>
<parameter name="filename" type="java.lang.String">
</parameter>
<exception name="IOException" type="java.io.IOException">
</exception>
<exception name="SVGParseException" type="com.caverock.androidsvg.SVGParseException">
</exception>
</method>
<method name="getFromInputStream"
 return="com.caverock.androidsvg.SVG"
 abstract="false"
 native="false"
 synchronized="false"
 static="true"
 final="false"
 deprecated="not deprecated"
 visibility="public"
>
<parameter name="is" type="java.io.InputStream">
</parameter>
<exception name="SVGParseException" type="com.caverock.androidsvg.SVGParseException">
</exception>
</method>
<method name="getFromResource"
 return="com.caverock.androidsvg.SVG"
 abstract="false"
 native="false"
 synchronized="false"
 static="true"
 final="false"
 deprecated="not deprecated"
 visibility="public"
>
<parameter name="context" type="android.content.Context">
</parameter>
<parameter name="resourceId" type="int">
</parameter>
<exception name="SVGParseException" type="com.caverock.androidsvg.SVGParseException">
</exception>
</method>
<method name="getFromResource"
 return="com.caverock.androidsvg.SVG"
 abstract="false"
 native="false"
 synchronized="false"
 static="true"
 final="false"
 deprecated="not deprecated"
 visibility="public"
>
<parameter name="resources" type="android.content.res.Resources">
</parameter>
<parameter name="resourceId" type="int">
</parameter>
<exception name="SVGParseException" type="com.caverock.androidsvg.SVGParseException">
</exception>
</method>
<method name="getFromString"
 return="com.caverock.androidsvg.SVG"
 abstract="false"
 native="false"
 synchronized="false"
 static="true"
 final="false"
 deprecated="not deprecated"
 visibility="public"
>
<parameter name="svg" type="java.lang.String">
</parameter>
<exception name="SVGParseException" type="com.caverock.androidsvg.SVGParseException">
</exception>
</method>
<method name="getRenderDPI"
 return="float"
 abstract="false"
 native="false"
 synchronized="false"
 static="false"
 final="false"
 deprecated="not deprecated"
 visibility="public"
>
</method>
<method name="getVersion"
 return="java.lang.String"
 abstract="false"
 native="false"
 synchronized="false"
 static="true"
 final="false"
 deprecated="not deprecated"
 visibility="public"
>
</method>
<method name="getViewList"
 return="java.util.Set&lt;java.lang.String&gt;"
 abstract="false"
 native="false"
 synchronized="false"
 static="false"
 final="false"
 deprecated="not deprecated"
 visibility="public"
>
</method>
<method name="registerExternalFileResolver"
 return="void"
 abstract="false"
 native="false"
 synchronized="false"
 static="false"
 final="false"
 deprecated="not deprecated"
 visibility="public"
>
<parameter name="fileResolver" type="com.caverock.androidsvg.SVGExternalFileResolver">
</parameter>
</method>
<method name="renderToCanvas"
 return="void"
 abstract="false"
 native="false"
 synchronized="false"
 static="false"
 final="false"
 deprecated="not deprecated"
 visibility="public"
>
<parameter name="canvas" type="android.graphics.Canvas">
</parameter>
</method>
<method name="renderToCanvas"
 return="void"
 abstract="false"
 native="false"
 synchronized="false"
 static="false"
 final="false"
 deprecated="not deprecated"
 visibility="public"
>
<parameter name="canvas" type="android.graphics.Canvas">
</parameter>
<parameter name="viewPort" type="android.graphics.RectF">
</parameter>
</method>
<method name="renderToPicture"
 return="android.graphics.Picture"
 abstract="false"
 native="false"
 synchronized="false"
 static="false"
 final="false"
 deprecated="not deprecated"
 visibility="public"
>
</method>
<method name="renderToPicture"
 return="android.graphics.Picture"
 abstract="false"
 native="false"
 synchronized="false"
 static="false"
 final="false"
 deprecated="not deprecated"
 visibility="public"
>
<parameter name="widthInPixels" type="int">
</parameter>
<parameter name="heightInPixels" type="int">
</parameter>
</method>
<method name="renderViewToCanvas"
 return="void"
 abstract="false"
 native="false"
 synchronized="false"
 static="false"
 final="false"
 deprecated="not deprecated"
 visibility="public"
>
<parameter name="viewId" type="java.lang.String">
</parameter>
<parameter name="canvas" type="android.graphics.Canvas">
</parameter>
</method>
<method name="renderViewToCanvas"
 return="void"
 abstract="false"
 native="false"
 synchronized="false"
 static="false"
 final="false"
 deprecated="not deprecated"
 visibility="public"
>
<parameter name="viewId" type="java.lang.String">
</parameter>
<parameter name="canvas" type="android.graphics.Canvas">
</parameter>
<parameter name="viewPort" type="android.graphics.RectF">
</parameter>
</method>
<method name="renderViewToPicture"
 return="android.graphics.Picture"
 abstract="false"
 native="false"
 synchronized="false"
 static="false"
 final="false"
 deprecated="not deprecated"
 visibility="public"
>
<parameter name="viewId" type="java.lang.String">
</parameter>
<parameter name="widthInPixels" type="int">
</parameter>
<parameter name="heightInPixels" type="int">
</parameter>
</method>
<method name="setDocumentHeight"
 return="void"
 abstract="false"
 native="false"
 synchronized="false"
 static="false"
 final="false"
 deprecated="not deprecated"
 visibility="public"
>
<parameter name="pixels" type="float">
</parameter>
</method>
<method name="setDocumentHeight"
 return="void"
 abstract="false"
 native="false"
 synchronized="false"
 static="false"
 final="false"
 deprecated="not deprecated"
 visibility="public"
>
<parameter name="value" type="java.lang.String">
</parameter>
<exception name="SVGParseException" type="com.caverock.androidsvg.SVGParseException">
</exception>
</method>
<method name="setDocumentPreserveAspectRatio"
 return="void"
 abstract="false"
 native="false"
 synchronized="false"
 static="false"
 final="false"
 deprecated="not deprecated"
 visibility="public"
>
<parameter name="preserveAspectRatio" type="com.caverock.androidsvg.PreserveAspectRatio">
</parameter>
</method>
<method name="setDocumentViewBox"
 return="void"
 abstract="false"
 native="false"
 synchronized="false"
 static="false"
 final="false"
 deprecated="not deprecated"
 visibility="public"
>
<parameter name="minX" type="float">
</parameter>
<parameter name="minY" type="float">
</parameter>
<parameter name="width" type="float">
</parameter>
<parameter name="height" type="float">
</parameter>
</method>
<method name="setDocumentWidth"
 return="void"
 abstract="false"
 native="false"
 synchronized="false"
 static="false"
 final="false"
 deprecated="not deprecated"
 visibility="public"
>
<parameter name="pixels" type="float">
</parameter>
</method>
<method name="setDocumentWidth"
 return="void"
 abstract="false"
 native="false"
 synchronized="false"
 static="false"
 final="false"
 deprecated="not deprecated"
 visibility="public"
>
<parameter name="value" type="java.lang.String">
</parameter>
<exception name="SVGParseException" type="com.caverock.androidsvg.SVGParseException">
</exception>
</method>
<method name="setRenderDPI"
 return="void"
 abstract="false"
 native="false"
 synchronized="false"
 static="false"
 final="false"
 deprecated="not deprecated"
 visibility="public"
>
<parameter name="dpi" type="float">
</parameter>
</method>
</class>
<class name="SVG.Style.FillRule"
 extends="java.lang.Enum"
 abstract="false"
 static="true"
 final="true"
 deprecated="not deprecated"
 visibility="public"
>
<method name="valueOf"
 return="com.caverock.androidsvg.SVG.Style.FillRule"
 abstract="false"
 native="false"
 synchronized="false"
 static="true"
 final="false"
 deprecated="not deprecated"
 visibility="public"
>
<parameter name="name" type="java.lang.String">
</parameter>
</method>
<method name="values"
 return="com.caverock.androidsvg.SVG.Style.FillRule[]"
 abstract="false"
 native="false"
 synchronized="false"
 static="true"
 final="true"
 deprecated="not deprecated"
 visibility="public"
>
</method>
</class>
<class name="SVG.Style.FontStyle"
 extends="java.lang.Enum"
 abstract="false"
 static="true"
 final="true"
 deprecated="not deprecated"
 visibility="public"
>
<method name="valueOf"
 return="com.caverock.androidsvg.SVG.Style.FontStyle"
 abstract="false"
 native="false"
 synchronized="false"
 static="true"
 final="false"
 deprecated="not deprecated"
 visibility="public"
>
<parameter name="name" type="java.lang.String">
</parameter>
</method>
<method name="values"
 return="com.caverock.androidsvg.SVG.Style.FontStyle[]"
 abstract="false"
 native="false"
 synchronized="false"
 static="true"
 final="true"
 deprecated="not deprecated"
 visibility="public"
>
</method>
</class>
<class name="SVG.Style.LineCaps"
 extends="java.lang.Enum"
 abstract="false"
 static="true"
 final="true"
 deprecated="not deprecated"
 visibility="public"
>
<method name="valueOf"
 return="com.caverock.androidsvg.SVG.Style.LineCap"
 abstract="false"
 native="false"
 synchronized="false"
 static="true"
 final="false"
 deprecated="not deprecated"
 visibility="public"
>
<parameter name="name" type="java.lang.String">
</parameter>
</method>
<method name="values"
 return="com.caverock.androidsvg.SVG.Style.LineCap[]"
 abstract="false"
 native="false"
 synchronized="false"
 static="true"
 final="true"
 deprecated="not deprecated"
 visibility="public"
>
</method>
</class>
<class name="SVG.Style.LineJoin"
 extends="java.lang.Enum"
 abstract="false"
 static="true"
 final="true"
 deprecated="not deprecated"
 visibility="public"
>
<method name="valueOf"
 return="com.caverock.androidsvg.SVG.Style.LineJoin"
 abstract="false"
 native="false"
 synchronized="false"
 static="true"
 final="false"
 deprecated="not deprecated"
 visibility="public"
>
<parameter name="name" type="java.lang.String">
</parameter>
</method>
<method name="values"
 return="com.caverock.androidsvg.SVG.Style.LineJoin[]"
 abstract="false"
 native="false"
 synchronized="false"
 static="true"
 final="true"
 deprecated="not deprecated"
 visibility="public"
>
</method>
</class>
<class name="SVG.Style.TextAnchor"
 extends="java.lang.Enum"
 abstract="false"
 static="true"
 final="true"
 deprecated="not deprecated"
 visibility="public"
>
<method name="valueOf"
 return="com.caverock.androidsvg.SVG.Style.TextAnchor"
 abstract="false"
 native="false"
 synchronized="false"
 static="true"
 final="false"
 deprecated="not deprecated"
 visibility="public"
>
<parameter name="name" type="java.lang.String">
</parameter>
</method>
<method name="values"
 return="com.caverock.androidsvg.SVG.Style.TextAnchor[]"
 abstract="false"
 native="false"
 synchronized="false"
 static="true"
 final="true"
 deprecated="not deprecated"
 visibility="public"
>
</method>
</class>
<class name="SVG.Style.TextDecoration"
 extends="java.lang.Enum"
 abstract="false"
 static="true"
 final="true"
 deprecated="not deprecated"
 visibility="public"
>
<method name="valueOf"
 return="com.caverock.androidsvg.SVG.Style.TextDecoration"
 abstract="false"
 native="false"
 synchronized="false"
 static="true"
 final="false"
 deprecated="not deprecated"
 visibility="public"
>
<parameter name="name" type="java.lang.String">
</parameter>
</method>
<method name="values"
 return="com.caverock.androidsvg.SVG.Style.TextDecoration[]"
 abstract="false"
 native="false"
 synchronized="false"
 static="true"
 final="true"
 deprecated="not deprecated"
 visibility="public"
>
</method>
</class>
<class name="SVG.Style.TextDirection"
 extends="java.lang.Enum"
 abstract="false"
 static="true"
 final="true"
 deprecated="not deprecated"
 visibility="public"
>
<method name="valueOf"
 return="com.caverock.androidsvg.SVG.Style.TextDirection"
 abstract="false"
 native="false"
 synchronized="false"
 static="true"
 final="false"
 deprecated="not deprecated"
 visibility="public"
>
<parameter name="name" type="java.lang.String">
</parameter>
</method>
<method name="values"
 return="com.caverock.androidsvg.SVG.Style.TextDirection[]"
 abstract="false"
 native="false"
 synchronized="false"
 static="true"
 final="true"
 deprecated="not deprecated"
 visibility="public"
>
</method>
</class>
<class name="SVG.Style.VectorEffect"
 extends="java.lang.Enum"
 abstract="false"
 static="true"
 final="true"
 deprecated="not deprecated"
 visibility="public"
>
<method name="valueOf"
 return="com.caverock.androidsvg.SVG.Style.VectorEffect"
 abstract="false"
 native="false"
 synchronized="false"
 static="true"
 final="false"
 deprecated="not deprecated"
 visibility="public"
>
<parameter name="name" type="java.lang.String">
</parameter>
</method>
<method name="values"
 return="com.caverock.androidsvg.SVG.Style.VectorEffect[]"
 abstract="false"
 native="false"
 synchronized="false"
 static="true"
 final="true"
 deprecated="not deprecated"
 visibility="public"
>
</method>
</class>
<class name="SVGAndroidRenderer"
 extends="java.lang.Object"
 abstract="false"
 static="false"
 final="false"
 deprecated="not deprecated"
 visibility="public"
>
</class>
<class name="SVGExternalFileResolver"
 extends="java.lang.Object"
 abstract="true"
 static="false"
 final="false"
 deprecated="not deprecated"
 visibility="public"
>
<constructor name="SVGExternalFileResolver"
 type="com.caverock.androidsvg.SVGExternalFileResolver"
 static="false"
 final="false"
 deprecated="not deprecated"
 visibility="public"
>
</constructor>
<method name="isFormatSupported"
 return="boolean"
 abstract="false"
 native="false"
 synchronized="false"
 static="false"
 final="false"
 deprecated="not deprecated"
 visibility="public"
>
<parameter name="mimeType" type="java.lang.String">
</parameter>
</method>
<method name="resolveFont"
 return="android.graphics.Typeface"
 abstract="false"
 native="false"
 synchronized="false"
 static="false"
 final="false"
 deprecated="not deprecated"
 visibility="public"
>
<parameter name="fontFamily" type="java.lang.String">
</parameter>
<parameter name="fontWeight" type="int">
</parameter>
<parameter name="fontStyle" type="java.lang.String">
</parameter>
</method>
<method name="resolveImage"
 return="android.graphics.Bitmap"
 abstract="false"
 native="false"
 synchronized="false"
 static="false"
 final="false"
 deprecated="not deprecated"
 visibility="public"
>
<parameter name="filename" type="java.lang.String">
</parameter>
</method>
</class>
<class name="SVGImageView"
 extends="android.widget.ImageView"
 abstract="false"
 static="false"
 final="false"
 deprecated="not deprecated"
 visibility="public"
>
<constructor name="SVGImageView"
 type="com.caverock.androidsvg.SVGImageView"
 static="false"
 final="false"
 deprecated="not deprecated"
 visibility="public"
>
<parameter name="context" type="android.content.Context">
</parameter>
</constructor>
<constructor name="SVGImageView"
 type="com.caverock.androidsvg.SVGImageView"
 static="false"
 final="false"
 deprecated="not deprecated"
 visibility="public"
>
<parameter name="context" type="android.content.Context">
</parameter>
<parameter name="attrs" type="android.util.AttributeSet">
</parameter>
</constructor>
<constructor name="SVGImageView"
 type="com.caverock.androidsvg.SVGImageView"
 static="false"
 final="false"
 deprecated="not deprecated"
 visibility="public"
>
<parameter name="context" type="android.content.Context">
</parameter>
<parameter name="attrs" type="android.util.AttributeSet">
</parameter>
<parameter name="defStyle" type="int">
</parameter>
</constructor>
<method name="setImageAsset"
 return="void"
 abstract="false"
 native="false"
 synchronized="false"
 static="false"
 final="false"
 deprecated="not deprecated"
 visibility="public"
>
<parameter name="filename" type="java.lang.String">
</parameter>
</method>
<method name="setSVG"
 return="void"
 abstract="false"
 native="false"
 synchronized="false"
 static="false"
 final="false"
 deprecated="not deprecated"
 visibility="public"
>
<parameter name="mysvg" type="com.caverock.androidsvg.SVG">
</parameter>
</method>
</class>
<class name="SVGParseException"
 extends="java.lang.Exception"
 abstract="false"
 static="false"
 final="false"
 deprecated="not deprecated"
 visibility="public"
>
<constructor name="SVGParseException"
 type="com.caverock.androidsvg.SVGParseException"
 static="false"
 final="false"
 deprecated="not deprecated"
 visibility="public"
>
<parameter name="msg" type="java.lang.String">
</parameter>
</constructor>
<constructor name="SVGParseException"
 type="com.caverock.androidsvg.SVGParseException"
 static="false"
 final="false"
 deprecated="not deprecated"
 visibility="public"
>
<parameter name="msg" type="java.lang.String">
</parameter>
<parameter name="cause" type="java.lang.Throwable">
</parameter>
</constructor>
<constructor name="SVGParseException"
 type="com.caverock.androidsvg.SVGParseException"
 static="false"
 final="false"
 deprecated="not deprecated"
 visibility="public"
>
<parameter name="cause" type="java.lang.Throwable">
</parameter>
</constructor>
</class>
<class name="SimpleAssetResolver"
 extends="com.caverock.androidsvg.SVGExternalFileResolver"
 abstract="false"
 static="false"
 final="false"
 deprecated="not deprecated"
 visibility="public"
>
<constructor name="SimpleAssetResolver"
 type="com.caverock.androidsvg.SimpleAssetResolver"
 static="false"
 final="false"
 deprecated="not deprecated"
 visibility="public"
>
<parameter name="assetManager" type="android.content.res.AssetManager">
</parameter>
</constructor>
</class>
</package>
</api>
